{
  "baseline": {
    "exact_match": 66.3,
    "f1": 73.78623342229375,
    "training_time": 609.2143132686615,
    "train_loss": 1.4797875891668728
  },
  "cartography": {
    "exact_match": 67.4,
    "f1": 73.90596682296973,
    "training_time": 596.8701543807983,
    "train_loss": 1.4978384787853534
  },
  "improvement": {
    "em_diff": 1.1000000000000085,
    "f1_diff": 0.11973340067598315
  }
}